{"cameraMode":{"drawMode":0,"name":"Shaded","section":"Shading Mode"},"sceneLighting":true,"audioPlay":false,"sceneViewState":{"showFog":true,"showMaterialUpdate":false,"showSkybox":true,"showFlares":true,"showImageEffects":true,"showParticleSystems":true},"in2DMode":false,"pivot":{"x":-3.198338508605957,"y":4.284584045410156,"z":5.488969326019287},"rotation":{"x":-0.09231895953416825,"y":0.47554850578308108,"z":-0.05026449263095856,"w":-0.8733958601951599},"size":5.551355838775635,"orthographic":false}