{"cameraMode":{"drawMode":0,"name":"Shaded","section":"Shading Mode"},"sceneLighting":true,"audioPlay":false,"sceneViewState":{"showFog":true,"showMaterialUpdate":false,"showSkybox":true,"showFlares":true,"showImageEffects":true,"showParticleSystems":true},"in2DMode":false,"pivot":{"x":-5.210474014282227,"y":0.9031648635864258,"z":-0.43366432189941409},"rotation":{"x":-0.25151148438453677,"y":0.323736310005188,"z":-0.08970452100038529,"w":-0.9076838493347168},"size":11.741905212402344,"orthographic":false}