{"cameraMode":{"drawMode":0,"name":"Shaded","section":"Shading Mode"},"sceneLighting":true,"audioPlay":false,"sceneViewState":{"showFog":true,"showMaterialUpdate":false,"showSkybox":true,"showFlares":true,"showImageEffects":true,"showParticleSystems":true},"in2DMode":false,"pivot":{"x":-1.7259095907211304,"y":3.7586829662323,"z":-0.15465712547302247},"rotation":{"x":-0.14230823516845704,"y":0.6359642744064331,"z":-0.12086427211761475,"w":-0.7487949132919312},"size":1.4993793964385987,"orthographic":false}